{
	"format_version": "1.8.0",
	"animations": {
		"idle": {
			"loop": true,
			"animation_length": 5,
			"bones": {
				"head": {
					"rotation": {
						"0.0": {
							"vector": [0, 0, 0],
							"easing": "easeInOutSine"
						},
						"2.5": {
							"vector": [2, 0, 0],
							"easing": "easeInOutSine"
						},
						"5.0": {
							"vector": [0, 0, 0],
							"easing": "easeInOutSine"
						}
					}
				},
				"butt": {
					"rotation": {
						"0.0": {
							"vector": [0, 0, 0]
						},
						"2.5": {
							"vector": [-2.5, 0, 0]
						},
						"4.5": {
							"vector": [-0.24, 0, 0],
							"easing": "easeInOutSine"
						},
						"4.6667": {
							"vector": [9, 0, 0],
							"easing": "easeInOutSine"
						},
						"4.8333": {
							"vector": [-9, 0, 0],
							"easing": "easeInOutSine"
						},
						"5.0": {
							"vector": [0, 0, 0],
							"easing": "easeInOutSine"
						}
					}
				},
				"body": {
					"position": {
						"0.0": {
							"vector": [0, 0, 0]
						},
						"2.5": {
							"vector": [0, -0.5, 0],
							"easing": "easeInOutSine"
						},
						"5.0": {
							"vector": [0, 0, 0],
							"easing": "easeInOutSine"
						}
					}
				},
				"leftlegs": {
					"rotation": {
						"0.0": {
							"vector": [0, 0, 0]
						},
						"2.5": {
							"vector": [0, 0, -2.5],
							"easing": "easeInOutSine"
						},
						"5.0": {
							"vector": [0, 0, 0],
							"easing": "easeInOutSine"
						}
					}
				},
				"rightlegs": {
					"rotation": {
						"0.0": {
							"vector": [0, 0, 0]
						},
						"2.5": {
							"vector": [0, 0, 2.5],
							"easing": "easeInOutSine"
						},
						"5.0": {
							"vector": [0, 0, 0],
							"easing": "easeInOutSine"
						}
					}
				}
			}
		},
		"sprint": {
			"loop": true,
			"animation_length": 0.33333,
			"bones": {
				"head": {
					"rotation": {
						"0.0": {
							"vector": [0, 0, 0]
						},
						"0.1667": {
							"vector": [-2.5, 0, 0],
							"easing": "easeInOutSine"
						},
						"0.3333": {
							"vector": [0, 0, 0],
							"easing": "easeInOutSine"
						}
					}
				},
				"butt": {
					"rotation": {
						"0.0": {
							"vector": [0, 0, 0]
						},
						"0.1667": {
							"vector": [2.5, 0, 0],
							"easing": "easeInOutSine"
						},
						"0.3333": {
							"vector": [0, 0, 0]
						}
					}
				},
				"body": {
					"position": {
						"0.0": {
							"vector": [0, 0, 0]
						},
						"0.1667": {
							"vector": [0, -0.5, 0],
							"easing": "easeInOutSine"
						},
						"0.3333": {
							"vector": [0, 0, 0],
							"easing": "easeInOutSine"
						}
					}
				},
				"leftlegs": {
					"rotation": {
						"0.0": {
							"vector": [0, 0, 0]
						},
						"0.1667": {
							"vector": [0, 0, -5],
							"easing": "easeInOutSine"
						},
						"0.3333": {
							"vector": [0, 0, 0],
							"easing": "easeInOutSine"
						}
					}
				},
				"rightlegs": {
					"rotation": {
						"0.0": {
							"vector": [0, 0, 0]
						},
						"0.1667": {
							"vector": [0, 0, 5],
							"easing": "easeInOutSine"
						},
						"0.3333": {
							"vector": [0, 0, 0],
							"easing": "easeInOutSine"
						}
					}
				},
				"leftleg1o": {
					"rotation": {
						"0.0": {
							"vector": [0, 22.5, 0]
						},
						"0.125": {
							"vector": [0, -20, 0],
							"easing": "linear"
						},
						"0.2083": {
							"vector": [0, -10, -30],
							"easing": "linear"
						},
						"0.3333": {
							"vector": [0, 22.5, 0],
							"easing": "linear"
						}
					}
				},
				"leftleg2o": {
					"rotation": {
						"0.0": {
							"vector": [0, -25, 0]
						},
						"0.0833": {
							"vector": [0, -10, -30],
							"easing": "linear"
						},
						"0.1667": {
							"vector": [0, 0, 0],
							"easing": "linear"
						},
						"0.3333": {
							"vector": [0, -25, 0],
							"easing": "linear"
						}
					}
				},
				"leftleg3o": {
					"rotation": {
						"0.0": {
							"vector": [0, 0, 0]
						},
						"0.125": {
							"vector": [0, -30, 0],
							"easing": "linear"
						},
						"0.2083": {
							"vector": [0, -10, -30],
							"easing": "linear"
						},
						"0.3333": {
							"vector": [0, 0, 0],
							"easing": "linear"
						}
					}
				},
				"leftleg4o": {
					"rotation": {
						"0.0": {
							"vector": [0, -25, 0]
						},
						"0.0833": {
							"vector": [0, -10, -30],
							"easing": "linear"
						},
						"0.1667": {
							"vector": [0, 0, 0],
							"easing": "linear"
						},
						"0.3333": {
							"vector": [0, -25, 0],
							"easing": "linear"
						}
					}
				},
				"rightleg1o": {
					"rotation": {
						"0.0": {
							"vector": [0, 22.5, 0]
						},
						"0.0833": {
							"vector": [0, -10, 30],
							"easing": "linear"
						},
						"0.1667": {
							"vector": [0, -22.5, 0],
							"easing": "linear"
						},
						"0.3333": {
							"vector": [0, 22.5, 0],
							"easing": "linear"
						}
					}
				},
				"rightleg2o": {
					"rotation": {
						"0.0": {
							"vector": [0, -7.5, 0]
						},
						"0.125": {
							"vector": [0, 22.5, 0],
							"easing": "linear"
						},
						"0.2083": {
							"vector": [0, 0, 20],
							"easing": "linear"
						},
						"0.3333": {
							"vector": [0, -7.5, 0],
							"easing": "linear"
						}
					}
				},
				"rightleg3o": {
					"rotation": {
						"0.0": {
							"vector": [0, 22.5, 0]
						},
						"0.0833": {
							"vector": [0, -10, 30],
							"easing": "linear"
						},
						"0.1667": {
							"vector": [0, -7.5, 0],
							"easing": "linear"
						},
						"0.3333": {
							"vector": [0, 22.5, 0],
							"easing": "linear"
						}
					}
				},
				"rightleg4o": {
					"rotation": {
						"0.0": {
							"vector": [0, -7.5, 0]
						},
						"0.125": {
							"vector": [0, 22.5, 0],
							"easing": "linear"
						},
						"0.2083": {
							"vector": [0, 0, 20],
							"easing": "linear"
						},
						"0.3333": {
							"vector": [0, -7.5, 0],
							"easing": "linear"
						}
					}
				}
			}
		},
		"walk_neutral": {
			"loop": true,
			"animation_length": 0.5,
			"bones": {
				"head": {
					"rotation": {
						"0.0": {
							"vector": [0, 0, 0]
						},
						"0.25": {
							"vector": [-2.5, 0, 0],
							"easing": "easeInOutSine"
						},
						"0.5": {
							"vector": [0, 0, 0],
							"easing": "easeInOutSine"
						}
					}
				},
				"butt": {
					"rotation": {
						"0.0": {
							"vector": [0, 0, 0]
						},
						"0.25": {
							"vector": [2.5, 0, 0],
							"easing": "easeInOutSine"
						},
						"0.5": {
							"vector": [0, 0, 0]
						}
					}
				},
				"body": {
					"position": {
						"0.0": {
							"vector": [0, 0, 0]
						},
						"0.25": {
							"vector": [0, -0.5, 0],
							"easing": "easeInOutSine"
						},
						"0.5": {
							"vector": [0, 0, 0],
							"easing": "easeInOutSine"
						}
					}
				},
				"leftlegs": {
					"rotation": {
						"0.0": {
							"vector": [0, 0, 0]
						},
						"0.25": {
							"vector": [0, 0, -5],
							"easing": "easeInOutSine"
						},
						"0.5": {
							"vector": [0, 0, 0],
							"easing": "easeInOutSine"
						}
					}
				},
				"rightlegs": {
					"rotation": {
						"0.0": {
							"vector": [0, 0, 0]
						},
						"0.25": {
							"vector": [0, 0, 5],
							"easing": "easeInOutSine"
						},
						"0.5": {
							"vector": [0, 0, 0],
							"easing": "easeInOutSine"
						}
					}
				},
				"leftleg1o": {
					"rotation": {
						"0.0": {
							"vector": [0, 22.5, 0]
						},
						"0.25": {
							"vector": [0, -20, 0],
							"easing": "linear"
						},
						"0.375": {
							"vector": [0, -10, -30],
							"easing": "linear"
						},
						"0.5": {
							"vector": [0, 22.5, 0],
							"easing": "linear"
						}
					}
				},
				"leftleg2o": {
					"rotation": {
						"0.0": {
							"vector": [0, -25, 0]
						},
						"0.125": {
							"vector": [0, -10, -30],
							"easing": "linear"
						},
						"0.25": {
							"vector": [0, 0, 0],
							"easing": "linear"
						},
						"0.5": {
							"vector": [0, -25, 0],
							"easing": "linear"
						}
					}
				},
				"leftleg3o": {
					"rotation": {
						"0.0": {
							"vector": [0, 0, 0]
						},
						"0.25": {
							"vector": [0, -30, 0],
							"easing": "linear"
						},
						"0.375": {
							"vector": [0, -10, -30],
							"easing": "linear"
						},
						"0.5": {
							"vector": [0, 0, 0],
							"easing": "linear"
						}
					}
				},
				"leftleg4o": {
					"rotation": {
						"0.0": {
							"vector": [0, -25, 0]
						},
						"0.125": {
							"vector": [0, -10, -30],
							"easing": "linear"
						},
						"0.25": {
							"vector": [0, 0, 0],
							"easing": "linear"
						},
						"0.5": {
							"vector": [0, -25, 0],
							"easing": "linear"
						}
					}
				},
				"rightleg1o": {
					"rotation": {
						"0.0": {
							"vector": [0, 22.5, 0]
						},
						"0.125": {
							"vector": [0, -10, 30],
							"easing": "linear"
						},
						"0.25": {
							"vector": [0, -22.5, 0],
							"easing": "linear"
						},
						"0.5": {
							"vector": [0, 22.5, 0],
							"easing": "linear"
						}
					}
				},
				"rightleg2o": {
					"rotation": {
						"0.0": {
							"vector": [0, -7.5, 0]
						},
						"0.25": {
							"vector": [0, 22.5, 0],
							"easing": "linear"
						},
						"0.375": {
							"vector": [0, 0, 20],
							"easing": "linear"
						},
						"0.5": {
							"vector": [0, -7.5, 0],
							"easing": "linear"
						}
					}
				},
				"rightleg3o": {
					"rotation": {
						"0.0": {
							"vector": [0, 22.5, 0]
						},
						"0.125": {
							"vector": [0, -10, 30],
							"easing": "linear"
						},
						"0.25": {
							"vector": [0, -7.5, 0],
							"easing": "linear"
						},
						"0.5": {
							"vector": [0, 22.5, 0],
							"easing": "linear"
						}
					}
				},
				"rightleg4o": {
					"rotation": {
						"0.0": {
							"vector": [0, -7.5, 0]
						},
						"0.25": {
							"vector": [0, 22.5, 0],
							"easing": "linear"
						},
						"0.375": {
							"vector": [0, 0, 20],
							"easing": "linear"
						},
						"0.5": {
							"vector": [0, -7.5, 0],
							"easing": "linear"
						}
					}
				}
			}
		},
		"walk_hostile": {
			"loop": true,
			"animation_length": 0.5,
			"bones": {
				"head": {
					"rotation": {
						"0.0": {
							"vector": [0, 0, 0]
						},
						"0.25": {
							"vector": [-2.5, 0, 0],
							"easing": "easeInOutSine"
						},
						"0.5": {
							"vector": [0, 0, 0],
							"easing": "easeInOutSine"
						}
					}
				},
				"butt": {
					"rotation": {
						"0.0": {
							"vector": [0, 0, 0]
						},
						"0.25": {
							"vector": [10, 0, 0],
							"easing": "easeInOutSine"
						},
						"0.5": {
							"vector": [0, 0, 0],
							"easing": "easeInOutSine"
						}
					}
				},
				"body": {
					"position": {
						"0.0": {
							"vector": [0, 0, 0]
						},
						"0.25": {
							"vector": [0, -0.5, 0],
							"easing": "easeInOutSine"
						},
						"0.5": {
							"vector": [0, 0, 0],
							"easing": "easeInOutSine"
						}
					}
				},
				"leftlegs": {
					"rotation": {
						"0.0": {
							"vector": [0, 0, 0]
						},
						"0.25": {
							"vector": [0, 0, -10],
							"easing": "easeInOutSine"
						},
						"0.5": {
							"vector": [0, 0, 0],
							"easing": "easeInOutSine"
						}
					}
				},
				"rightlegs": {
					"rotation": {
						"0.0": {
							"vector": [0, 0, 0]
						},
						"0.25": {
							"vector": [0, 0, 10],
							"easing": "easeInOutSine"
						},
						"0.5": {
							"vector": [0, 0, 0],
							"easing": "easeInOutSine"
						}
					}
				},
				"leftleg1o": {
					"rotation": {
						"0.0": {
							"vector": [0, 22.5, 0]
						},
						"0.25": {
							"vector": [0, -20, 0],
							"easing": "linear"
						},
						"0.375": {
							"vector": [0, -10, -30],
							"easing": "linear"
						},
						"0.5": {
							"vector": [0, 22.5, 0],
							"easing": "linear"
						}
					}
				},
				"leftleg2o": {
					"rotation": {
						"0.0": {
							"vector": [0, -25, 0]
						},
						"0.125": {
							"vector": [0, -10, -30],
							"easing": "linear"
						},
						"0.25": {
							"vector": [0, 0, 0],
							"easing": "linear"
						},
						"0.5": {
							"vector": [0, -25, 0],
							"easing": "linear"
						}
					}
				},
				"leftleg3o": {
					"rotation": {
						"0.0": {
							"vector": [0, 0, 0]
						},
						"0.25": {
							"vector": [0, -30, 0],
							"easing": "linear"
						},
						"0.375": {
							"vector": [0, -10, -30],
							"easing": "linear"
						},
						"0.5": {
							"vector": [0, 0, 0],
							"easing": "linear"
						}
					}
				},
				"leftleg4o": {
					"rotation": {
						"0.0": {
							"vector": [0, -25, 0]
						},
						"0.125": {
							"vector": [0, -10, -30],
							"easing": "linear"
						},
						"0.25": {
							"vector": [0, 0, 0],
							"easing": "linear"
						},
						"0.5": {
							"vector": [0, -25, 0],
							"easing": "linear"
						}
					}
				},
				"rightleg1o": {
					"rotation": {
						"0.0": {
							"vector": [0, 22.5, 0]
						},
						"0.125": {
							"vector": [0, -10, 30],
							"easing": "linear"
						},
						"0.25": {
							"vector": [0, -22.5, 0],
							"easing": "linear"
						},
						"0.5": {
							"vector": [0, 22.5, 0],
							"easing": "linear"
						}
					}
				},
				"rightleg2o": {
					"rotation": {
						"0.0": {
							"vector": [0, -7.5, 0]
						},
						"0.25": {
							"vector": [0, 22.5, 0],
							"easing": "linear"
						},
						"0.375": {
							"vector": [0, 0, 20],
							"easing": "linear"
						},
						"0.5": {
							"vector": [0, -7.5, 0],
							"easing": "linear"
						}
					}
				},
				"rightleg3o": {
					"rotation": {
						"0.0": {
							"vector": [0, 22.5, 0]
						},
						"0.125": {
							"vector": [0, -10, 30],
							"easing": "linear"
						},
						"0.25": {
							"vector": [0, -7.5, 0],
							"easing": "linear"
						},
						"0.5": {
							"vector": [0, 22.5, 0],
							"easing": "linear"
						}
					}
				},
				"rightleg4o": {
					"rotation": {
						"0.0": {
							"vector": [0, -7.5, 0]
						},
						"0.25": {
							"vector": [0, 22.5, 0],
							"easing": "linear"
						},
						"0.375": {
							"vector": [0, 0, 20],
							"easing": "linear"
						},
						"0.5": {
							"vector": [0, -7.5, 0],
							"easing": "linear"
						}
					}
				},
				"all": {
					"position": {
						"0.0": {
							"vector": [0, 0, 0]
						},
						"0.25": {
							"vector": [0, -1, 0],
							"easing": "easeInOutSine"
						},
						"0.5": {
							"vector": [0, 0, 0],
							"easing": "easeInOutSine"
						}
					}
				}
			}
		},
		"swim": {
			"loop": true,
			"animation_length": 0.5,
			"bones": {
				"head": {
					"rotation": {
						"0.0": {
							"vector": [0, 0, 0]
						},
						"0.25": {
							"vector": [-2.5, 0, 0],
							"easing": "easeInOutSine"
						},
						"0.5": {
							"vector": [0, 0, 0],
							"easing": "easeInOutSine"
						}
					}
				},
				"butt": {
					"rotation": {
						"0.0": {
							"vector": [0, 0, 0]
						},
						"0.25": {
							"vector": [2.5, 0, 0],
							"easing": "easeInOutSine"
						},
						"0.5": {
							"vector": [0, 0, 0]
						}
					}
				},
				"body": {
					"position": {
						"0.0": {
							"vector": [0, 0, 0]
						},
						"0.25": {
							"vector": [0, -0.5, 0],
							"easing": "easeInOutSine"
						},
						"0.5": {
							"vector": [0, 0, 0],
							"easing": "easeInOutSine"
						}
					}
				},
				"leftlegs": {
					"rotation": {
						"0.0": {
							"vector": [0, 0, 0]
						},
						"0.25": {
							"vector": [0, 0, -27.5],
							"easing": "easeInOutSine"
						},
						"0.5": {
							"vector": [0, 0, 0],
							"easing": "easeInOutSine"
						}
					}
				},
				"rightlegs": {
					"rotation": {
						"0.0": {
							"vector": [0, 0, 0]
						},
						"0.25": {
							"vector": [0, 0, 27.5],
							"easing": "easeInOutSine"
						},
						"0.5": {
							"vector": [0, 0, 0],
							"easing": "easeInOutSine"
						}
					}
				},
				"leftleg1o": {
					"rotation": {
						"0.0": {
							"vector": [0, 22.5, 0]
						},
						"0.25": {
							"vector": [0, -20, 0],
							"easing": "linear"
						},
						"0.375": {
							"vector": [0, -10, -30],
							"easing": "linear"
						},
						"0.5": {
							"vector": [0, 22.5, 0],
							"easing": "linear"
						}
					}
				},
				"leftleg2o": {
					"rotation": {
						"0.0": {
							"vector": [0, -25, 0]
						},
						"0.125": {
							"vector": [0, -10, -30],
							"easing": "linear"
						},
						"0.25": {
							"vector": [0, 0, 0],
							"easing": "linear"
						},
						"0.5": {
							"vector": [0, -25, 0],
							"easing": "linear"
						}
					}
				},
				"leftleg3o": {
					"rotation": {
						"0.0": {
							"vector": [0, 0, 0]
						},
						"0.25": {
							"vector": [0, -30, 0],
							"easing": "linear"
						},
						"0.375": {
							"vector": [0, -10, -30],
							"easing": "linear"
						},
						"0.5": {
							"vector": [0, 0, 0],
							"easing": "linear"
						}
					}
				},
				"leftleg4o": {
					"rotation": {
						"0.0": {
							"vector": [0, -25, 0]
						},
						"0.125": {
							"vector": [0, -10, -30],
							"easing": "linear"
						},
						"0.25": {
							"vector": [0, 0, 0],
							"easing": "linear"
						},
						"0.5": {
							"vector": [0, -25, 0],
							"easing": "linear"
						}
					}
				},
				"rightleg1o": {
					"rotation": {
						"0.0": {
							"vector": [0, 22.5, 0]
						},
						"0.125": {
							"vector": [0, -10, 30],
							"easing": "linear"
						},
						"0.25": {
							"vector": [-16.0129, -37.15855, 25.41377],
							"easing": "linear"
						},
						"0.5": {
							"vector": [0, 22.5, 0],
							"easing": "linear"
						}
					}
				},
				"rightleg2o": {
					"rotation": {
						"0.0": {
							"vector": [0, -7.5, 0]
						},
						"0.25": {
							"vector": [0, 22.5, 0],
							"easing": "linear"
						},
						"0.375": {
							"vector": [0, 0, 20],
							"easing": "linear"
						},
						"0.5": {
							"vector": [0, -7.5, 0],
							"easing": "linear"
						}
					}
				},
				"rightleg3o": {
					"rotation": {
						"0.0": {
							"vector": [0, 22.5, 0]
						},
						"0.125": {
							"vector": [0, -10, 30],
							"easing": "linear"
						},
						"0.25": {
							"vector": [0, -7.5, 0],
							"easing": "linear"
						},
						"0.5": {
							"vector": [0, 22.5, 0],
							"easing": "linear"
						}
					}
				},
				"rightleg4o": {
					"rotation": {
						"0.0": {
							"vector": [0, -7.5, 0]
						},
						"0.25": {
							"vector": [0, 22.5, 0],
							"easing": "linear"
						},
						"0.375": {
							"vector": [0, 0, 20],
							"easing": "linear"
						},
						"0.5": {
							"vector": [0, -7.5, 0],
							"easing": "linear"
						}
					}
				},
				"all": {
					"position": {
						"0.0": {
							"vector": [0, 0, 0]
						},
						"0.25": {
							"vector": [0, -1, 0],
							"easing": "easeInOutSine"
						},
						"0.5": {
							"vector": [0, 0, 0],
							"easing": "easeInOutSine"
						}
					}
				}
			}
		},
		"hurt": {
			"loop": true,
			"animation_length": 0.25,
			"bones": {
				"head": {
					"rotation": {
						"0.0": {
							"vector": [0, 0, 0]
						},
						"0.125": {
							"vector": [-2.5, 0, 0],
							"easing": "easeInOutSine"
						},
						"0.25": {
							"vector": [0, 0, 0],
							"easing": "easeInOutSine"
						}
					}
				},
				"butt": {
					"rotation": {
						"0.0": {
							"vector": [0, 0, 0]
						},
						"0.125": {
							"vector": [2.5, 0, 0],
							"easing": "easeInOutSine"
						},
						"0.25": {
							"vector": [0, 0, 0]
						}
					}
				},
				"body": {
					"position": {
						"0.0": {
							"vector": [0, 0, 0]
						},
						"0.125": {
							"vector": [0, -0.5, 0],
							"easing": "easeInOutSine"
						},
						"0.25": {
							"vector": [0, 0, 0],
							"easing": "easeInOutSine"
						}
					}
				},
				"leftlegs": {
					"rotation": {
						"0.0": {
							"vector": [0, 0, 0]
						},
						"0.125": {
							"vector": [0, 0, -27.5],
							"easing": "easeInOutSine"
						},
						"0.25": {
							"vector": [0, 0, 0],
							"easing": "easeInOutSine"
						}
					}
				},
				"rightlegs": {
					"rotation": {
						"0.0": {
							"vector": [0, 0, 0]
						},
						"0.125": {
							"vector": [0, 0, 27.5],
							"easing": "easeInOutSine"
						},
						"0.25": {
							"vector": [0, 0, 0],
							"easing": "easeInOutSine"
						}
					}
				},
				"leftleg1o": {
					"rotation": {
						"0.0": {
							"vector": [0, 22.5, 0]
						},
						"0.125": {
							"vector": [0, -20, 0],
							"easing": "linear"
						},
						"0.2083": {
							"vector": [0, -10, -30],
							"easing": "linear"
						},
						"0.25": {
							"vector": [0, 22.5, 0],
							"easing": "linear"
						}
					}
				},
				"leftleg2o": {
					"rotation": {
						"0.0": {
							"vector": [0, -25, 0]
						},
						"0.0833": {
							"vector": [0, -10, -30],
							"easing": "linear"
						},
						"0.125": {
							"vector": [0, 0, 0],
							"easing": "linear"
						},
						"0.25": {
							"vector": [0, -25, 0],
							"easing": "linear"
						}
					}
				},
				"leftleg3o": {
					"rotation": {
						"0.0": {
							"vector": [0, 0, 0]
						},
						"0.125": {
							"vector": [0, -30, 0],
							"easing": "linear"
						},
						"0.2083": {
							"vector": [0, -10, -30],
							"easing": "linear"
						},
						"0.25": {
							"vector": [0, 0, 0],
							"easing": "linear"
						}
					}
				},
				"leftleg4o": {
					"rotation": {
						"0.0": {
							"vector": [0, -25, 0]
						},
						"0.0833": {
							"vector": [0, -10, -30],
							"easing": "linear"
						},
						"0.125": {
							"vector": [0, 0, 0],
							"easing": "linear"
						},
						"0.25": {
							"vector": [0, -25, 0],
							"easing": "linear"
						}
					}
				},
				"rightleg1o": {
					"rotation": {
						"0.0": {
							"vector": [0, 22.5, 0]
						},
						"0.0833": {
							"vector": [0, -10, 30],
							"easing": "linear"
						},
						"0.125": {
							"vector": [0, -22.5, 0],
							"easing": "linear"
						},
						"0.25": {
							"vector": [0, 22.5, 0],
							"easing": "linear"
						}
					}
				},
				"rightleg2o": {
					"rotation": {
						"0.0": {
							"vector": [0, -7.5, 0]
						},
						"0.125": {
							"vector": [0, 22.5, 0],
							"easing": "linear"
						},
						"0.2083": {
							"vector": [0, 0, 20],
							"easing": "linear"
						},
						"0.25": {
							"vector": [0, -7.5, 0],
							"easing": "linear"
						}
					}
				},
				"rightleg3o": {
					"rotation": {
						"0.0": {
							"vector": [0, 22.5, 0]
						},
						"0.0833": {
							"vector": [0, -10, 30],
							"easing": "linear"
						},
						"0.125": {
							"vector": [0, -7.5, 0],
							"easing": "linear"
						},
						"0.25": {
							"vector": [0, 22.5, 0],
							"easing": "linear"
						}
					}
				},
				"rightleg4o": {
					"rotation": {
						"0.0": {
							"vector": [0, -7.5, 0]
						},
						"0.125": {
							"vector": [0, 22.5, 0],
							"easing": "linear"
						},
						"0.2083": {
							"vector": [0, 0, 20],
							"easing": "linear"
						},
						"0.25": {
							"vector": [0, -7.5, 0],
							"easing": "linear"
						}
					}
				},
				"all": {
					"position": {
						"0.0": {
							"vector": [0, 0, 0]
						},
						"0.125": {
							"vector": [0, -3, 0]
						},
						"0.25": {
							"vector": [0, 0, 0]
						}
					}
				}
			}
		},
		"death": {
			"loop": true,
			"animation_length": 1,
			"bones": {
				"leftlegs": {
					"rotation": {
						"0.0": {
							"vector": [0, 0, 0]
						},
						"0.1667": {
							"vector": [0, 0, 0],
							"easing": "easeInOutSine"
						},
						"0.75": {
							"vector": [0, 0, -45],
							"easing": "easeInOutCubic"
						},
						"1.0": {
							"vector": [0, 0, -45],
							"easing": "easeInOutSine"
						}
					}
				},
				"rightlegs": {
					"rotation": {
						"0.0": {
							"vector": [0, 0, 0]
						},
						"0.1667": {
							"vector": [0, 0, 0],
							"easing": "easeInOutSine"
						},
						"0.75": {
							"vector": [0, 0, 45],
							"easing": "easeInOutCubic"
						},
						"1.0": {
							"vector": [0, 0, 45],
							"easing": "easeInOutSine"
						}
					}
				},
				"all": {
					"rotation": {
						"0.0": {
							"vector": [0, 0, 0]
						},
						"0.5": {
							"vector": [0, 0, 180],
							"easing": "easeOutSine"
						},
						"1.0": {
							"vector": [0, 0, 180],
							"easing": "easeOutSine"
						}
					},
					"position": {
						"0.0": {
							"vector": [0, 0, 0]
						},
						"0.1667": {
							"vector": [-6, 8.25, 0],
							"easing": "easeInOutSine"
						},
						"0.5": {
							"vector": [0, 13, 0],
							"easing": "easeInOutSine"
						},
						"1.0": {
							"vector": [0, 13, 0],
							"easing": "easeInOutSine"
						}
					}
				}
			}
		}
	},
	"geckolib_format_version": 2
}