{
	"format_version": "1.12.0",
	"minecraft:geometry": [
		{
			"description": {
				"identifier": "geometry.spider",
				"texture_width": 64,
				"texture_height": 64,
				"visible_bounds_width": 4,
				"visible_bounds_height": 4,
				"visible_bounds_offset": [0, 1, 0]
			},
			"bones": [
				{
					"name": "all",
					"pivot": [0, 0, 0]
				},
				{
					"name": "body",
					"parent": "all",
					"pivot": [0, 9, 0]
				},
				{
					"name": "neck",
					"parent": "body",
					"pivot": [0, 9, 3],
					"cubes": [
						{"origin": [-3, 6, -3], "size": [6, 6, 6], "uv": [0, 0]}
					]
				},
				{
					"name": "head",
					"parent": "neck",
					"pivot": [0, 9, -3],
					"cubes": [
						{"origin": [-4, 5, -11], "size": [8, 8, 8], "uv": [32, 4]}
					]
				},
				{
					"name": "armorhead",
					"parent": "head",
					"pivot": [0, 5, -7],
					"cubes": [
						{"origin": [-4, 5, -11], "size": [8, 8, 8], "uv": [32, 48]}
					]
				},
				{
					"name": "rightitem",
					"parent": "head",
					"pivot": [0, 6, -11],
					"rotation": [0, 90, -90]
				},
				{
					"name": "armorbody",
					"parent": "neck",
					"pivot": [0, 9, -2],
					"rotation": [90, 0, 0],
					"cubes": [
						{"origin": [-3, 0, -4], "size": [6, 12, 2], "uv": [48, 50]}
					]
				},
				{
					"name": "butt",
					"parent": "body",
					"pivot": [0, 9, 3],
					"cubes": [
						{"origin": [-5, 5, 3], "size": [10, 8, 12], "uv": [0, 12]}
					]
				},
				{
					"name": "leftitem",
					"parent": "butt",
					"pivot": [0, 13, 9],
					"rotation": [-90, 90, 0]
				},
				{
					"name": "leftlegs",
					"parent": "body",
					"pivot": [0, 9, 0]
				},
				{
					"name": "leftleg1o",
					"parent": "leftlegs",
					"pivot": [4, 9, -1]
				},
				{
					"name": "leftleg1",
					"parent": "leftleg1o",
					"pivot": [4, 9, -1],
					"rotation": [0, 45, 45],
					"cubes": [
						{"origin": [3, 8, -2], "size": [16, 2, 2], "uv": [18, 0]}
					]
				},
				{
					"name": "armorleftleg1o",
					"parent": "leftleg1",
					"pivot": [3, 9, -1],
					"rotation": [0, 0, -90],
					"cubes": [
						{"origin": [2, 1, -2], "size": [2, 8, 2], "uv": [56, 54]}
					]
				},
				{
					"name": "armorleftfoot1o",
					"parent": "leftleg1",
					"pivot": [13, 9, -1],
					"rotation": [0, 0, -90],
					"cubes": [
						{"origin": [12, 3, -2], "size": [2, 8, 2], "uv": [56, 54]}
					]
				},
				{
					"name": "leftleg2o",
					"parent": "leftlegs",
					"pivot": [4, 9, 0]
				},
				{
					"name": "leftleg2",
					"parent": "leftleg2o",
					"pivot": [4, 9, 0],
					"rotation": [0, 15, 35],
					"cubes": [
						{"origin": [3, 8, -1], "size": [16, 2, 2], "inflate": 0.02, "uv": [18, 0]}
					]
				},
				{
					"name": "armorleftleg2o",
					"parent": "leftleg2",
					"pivot": [3, 9, 0],
					"rotation": [0, 0, -90],
					"cubes": [
						{"origin": [2, 1, -1], "size": [2, 8, 2], "uv": [56, 54]}
					]
				},
				{
					"name": "armorleftfoot2o",
					"parent": "leftleg2",
					"pivot": [13, 9, 0],
					"rotation": [0, 0, -90],
					"cubes": [
						{"origin": [12, 3, -1], "size": [2, 8, 2], "uv": [56, 54]}
					]
				},
				{
					"name": "leftleg3o",
					"parent": "leftlegs",
					"pivot": [4, 9, 1]
				},
				{
					"name": "leftleg3",
					"parent": "leftleg3o",
					"pivot": [4, 9, 1],
					"rotation": [0, -15, 35],
					"cubes": [
						{"origin": [3, 8, 0], "size": [16, 2, 2], "inflate": 0.01, "uv": [18, 0]}
					]
				},
				{
					"name": "armorleftleg3o",
					"parent": "leftleg3",
					"pivot": [3, 9, 1],
					"rotation": [0, 0, -90],
					"cubes": [
						{"origin": [2, 1, 0], "size": [2, 8, 2], "uv": [56, 54]}
					]
				},
				{
					"name": "armorleftfoot3o",
					"parent": "leftleg3",
					"pivot": [13, 9, 1],
					"rotation": [0, 0, -90],
					"cubes": [
						{"origin": [12, 3, 0], "size": [2, 8, 2], "uv": [56, 54]}
					]
				},
				{
					"name": "leftleg4o",
					"parent": "leftlegs",
					"pivot": [4, 9, 2]
				},
				{
					"name": "leftleg4",
					"parent": "leftleg4o",
					"pivot": [4, 9, 2],
					"rotation": [0, -45, 45],
					"cubes": [
						{"origin": [3, 8, 1], "size": [16, 2, 2], "uv": [18, 0]}
					]
				},
				{
					"name": "armorleftleg4o",
					"parent": "leftleg4",
					"pivot": [3, 9, 2],
					"rotation": [0, 0, -90],
					"cubes": [
						{"origin": [2, 1, 1], "size": [2, 8, 2], "uv": [56, 54]}
					]
				},
				{
					"name": "armorleftfoot4o",
					"parent": "leftleg4",
					"pivot": [13, 9, 2],
					"rotation": [0, 0, -90],
					"cubes": [
						{"origin": [12, 3, 1], "size": [2, 8, 2], "uv": [56, 54]}
					]
				},
				{
					"name": "rightlegs",
					"parent": "body",
					"pivot": [0, 9, 0]
				},
				{
					"name": "rightleg1o",
					"parent": "rightlegs",
					"pivot": [-4, 9, -1]
				},
				{
					"name": "rightleg1",
					"parent": "rightleg1o",
					"pivot": [-4, 9, -1],
					"rotation": [0, -45, -45],
					"cubes": [
						{"origin": [-19, 8, -2], "size": [16, 2, 2], "uv": [18, 0], "mirror": true}
					]
				},
				{
					"name": "armorrightleg1o",
					"parent": "rightleg1",
					"pivot": [-3, 9, -1],
					"rotation": [0, 0, 90],
					"cubes": [
						{"origin": [-6, 3, -2], "size": [2, 8, 2], "uv": [56, 54]}
					]
				},
				{
					"name": "armorrightfoot1o",
					"parent": "rightleg1",
					"pivot": [-13, 9, -1],
					"rotation": [0, 0, 90],
					"cubes": [
						{"origin": [-14, 3, -2], "size": [2, 8, 2], "uv": [56, 54]}
					]
				},
				{
					"name": "rightleg2o",
					"parent": "rightlegs",
					"pivot": [-4, 9, 0]
				},
				{
					"name": "rightleg2",
					"parent": "rightleg2o",
					"pivot": [-4, 9, 0],
					"rotation": [0, -15, -35],
					"cubes": [
						{"origin": [-19, 8, -1], "size": [16, 2, 2], "inflate": 0.02, "uv": [18, 0], "mirror": true}
					]
				},
				{
					"name": "armorrightleg2o",
					"parent": "rightleg2",
					"pivot": [-3, 9, 0],
					"rotation": [0, 0, 90],
					"cubes": [
						{"origin": [-4, 1, -1], "size": [2, 8, 2], "uv": [56, 54]}
					]
				},
				{
					"name": "armorrightfoot2o",
					"parent": "rightleg2",
					"pivot": [-13, 9, 0],
					"rotation": [0, 0, 90],
					"cubes": [
						{"origin": [-14, 3, -1], "size": [2, 8, 2], "uv": [56, 54]}
					]
				},
				{
					"name": "rightleg3o",
					"parent": "rightlegs",
					"pivot": [-4, 9, 1]
				},
				{
					"name": "rightleg3",
					"parent": "rightleg3o",
					"pivot": [-4, 9, 1],
					"rotation": [0, 15, -35],
					"cubes": [
						{"origin": [-19, 8, 0], "size": [16, 2, 2], "inflate": 0.01, "uv": [18, 0], "mirror": true}
					]
				},
				{
					"name": "armorrightleg3o",
					"parent": "rightleg3",
					"pivot": [-3, 9, 1],
					"rotation": [0, 0, 90],
					"cubes": [
						{"origin": [-4, 1, 0], "size": [2, 8, 2], "uv": [56, 54]}
					]
				},
				{
					"name": "armorrightfoot3o",
					"parent": "rightleg3",
					"pivot": [-13, 9, 1],
					"rotation": [0, 0, 90],
					"cubes": [
						{"origin": [-14, 3, 0], "size": [2, 8, 2], "uv": [56, 54]}
					]
				},
				{
					"name": "rightleg4o",
					"parent": "rightlegs",
					"pivot": [-4, 9, 2]
				},
				{
					"name": "rightleg4",
					"parent": "rightleg4o",
					"pivot": [-4, 9, 2],
					"rotation": [0, 45, -45],
					"cubes": [
						{"origin": [-19, 8, 1], "size": [16, 2, 2], "uv": [18, 0], "mirror": true}
					]
				},
				{
					"name": "armorrightleg4o",
					"parent": "rightleg4",
					"pivot": [-3, 9, 2],
					"rotation": [0, 0, 90],
					"cubes": [
						{"origin": [-4, 1, 1], "size": [2, 8, 2], "uv": [56, 54]}
					]
				},
				{
					"name": "armorrightfoot4o",
					"parent": "rightleg4",
					"pivot": [-13, 9, 2],
					"rotation": [0, 0, 90],
					"cubes": [
						{"origin": [-14, 3, 1], "size": [2, 8, 2], "uv": [56, 54]}
					]
				}
			]
		}
	]
}