{
	"format_version": "1.8.0",
	"animations": {
		"idle": {
			"loop": true,
			"animation_length": 6,
			"bones": {
				"torso": {
					"position": {
						"0.0": {
							"vector": [0, 0, 0]
						},
						"1.5": {
							"vector": [0, -0.25, 0],
							"easing": "easeOutSine"
						},
						"3.0": {
							"vector": [0, 0, 0],
							"easing": "easeInOutSine"
						},
						"4.5": {
							"vector": [0, -0.25, 0],
							"easing": "easeInOutSine"
						},
						"6.0": {
							"vector": [0, 0, 0],
							"easing": "easeInOutSine"
						}
					}
				},
				"leftarm": {
					"rotation": {
						"0.0": {
							"vector": [0, 0, 0]
						},
						"1.5": {
							"vector": [-2.5, 0, 0],
							"easing": "easeOutSine"
						},
						"4.5": {
							"vector": [2.5, 0, 0],
							"easing": "easeInOutSine"
						},
						"6.0": {
							"vector": [0, 0, 0],
							"easing": "easeInSine"
						}
					}
				},
				"rightarm": {
					"rotation": {
						"0.0": {
							"vector": [0, 0, 0]
						},
						"1.5": {
							"vector": [2.5, 0, 0],
							"easing": "easeOutSine"
						},
						"4.5": {
							"vector": [-2.5, 0, 0],
							"easing": "easeInOutSine"
						},
						"6.0": {
							"vector": [0, 0, 0],
							"easing": "easeInSine"
						}
					}
				}
			}
		},
		"walk": {
			"loop": true,
			"animation_length": 1,
			"bones": {
				"leftarm": {
					"rotation": {
						"0.0": {
							"vector": [0, 0, 0]
						},
						"0.3": {
							"vector": [-22.5, 0, 0],
							"easing": "easeOutSine"
						},
						"0.7": {
							"vector": [22.5, 0, 0],
							"easing": "easeInOutSine"
						},
						"1.0": {
							"vector": [0, 0, 0],
							"easing": "easeInSine"
						}
					}
				},
				"rightarm": {
					"rotation": {
						"0.0": {
							"vector": [0, 0, 0]
						},
						"0.3": {
							"vector": [22.5, 0, 0],
							"easing": "easeOutSine"
						},
						"0.7": {
							"vector": [-22.5, 0, 0],
							"easing": "easeInOutSine"
						},
						"1.0": {
							"vector": [0, 0, 0],
							"easing": "easeInSine"
						}
					}
				},
				"all": {
					"position": {
						"0.0": {
							"vector": [0, 0, 0]
						},
						"0.2": {
							"vector": [0, -1, 0]
						},
						"0.5": {
							"vector": [0, 0, 0],
							"easing": "easeInOutSine"
						},
						"0.8": {
							"vector": [0, -1, 0],
							"easing": "easeInOutSine"
						},
						"1.0": {
							"vector": [0, 0, 0],
							"easing": "easeInOutSine"
						}
					}
				},
				"head": {
					"rotation": {
						"0.0": {
							"vector": [0, 0, 0]
						},
						"0.5": {
							"vector": [-2.5, 0, 0],
							"easing": "easeInOutSine"
						},
						"1.0": {
							"vector": [0, 0, 0],
							"easing": "easeInOutSine"
						}
					}
				},
				"leftleg": {
					"rotation": {
						"0.0": {
							"vector": [0, 0, 0]
						},
						"0.3": {
							"vector": [22.5, 0, 0],
							"easing": "easeOutSine"
						},
						"0.7": {
							"vector": [-22.5, 0, 0],
							"easing": "easeInOutSine"
						},
						"1.0": {
							"vector": [0, 0, 0],
							"easing": "easeInSine"
						}
					}
				},
				"rightleg": {
					"rotation": {
						"0.0": {
							"vector": [0, 0, 0]
						},
						"0.3": {
							"vector": [-22.5, 0, 0],
							"easing": "easeOutSine"
						},
						"0.7": {
							"vector": [22.5, 0, 0],
							"easing": "easeInOutSine"
						},
						"1.0": {
							"vector": [0, 0, 0],
							"easing": "easeInSine"
						}
					}
				}
			}
		},
		"scream_start": {
			"loop": true,
			"animation_length": 2,
			"bones": {
				"torso": {
					"rotation": {
						"0.0": {
							"vector": [0, 0, 0]
						},
						"2.0": {
							"vector": [15, 0, 0]
						}
					}
				},
				"head": {
					"rotation": {
						"0.0": {
							"vector": [0, 0, 0]
						},
						"2.0": {
							"vector": [-15, 0, 0]
						}
					}
				},
				"skull": {
					"position": {
						"0.0": {
							"vector": [0, 0, 0]
						},
						"2.0": {
							"vector": [0, 6, 0]
						}
					}
				},
				"scream": {
					"position": {
						"0.0": {
							"vector": [0, 0, 0]
						},
						"0.0833": {
							"vector": [-0.25, 0, 0]
						},
						"0.1667": {
							"vector": [0.25, 0, 0]
						},
						"0.25": {
							"vector": [0, 0, 0]
						},
						"0.3333": {
							"vector": [-0.25, 0, 0]
						},
						"0.4167": {
							"vector": [0.25, 0, 0]
						},
						"0.5": {
							"vector": [0, 0, 0]
						},
						"0.5833": {
							"vector": [-0.25, 0, 0]
						},
						"0.6667": {
							"vector": [0.25, 0, 0]
						},
						"0.75": {
							"vector": [0, 0, 0]
						},
						"0.8333": {
							"vector": [-0.25, 0, 0]
						},
						"0.9167": {
							"vector": [0.25, 0, 0]
						},
						"1.0": {
							"vector": [0, 0, 0]
						},
						"1.0417": {
							"vector": [-0.25, 0, 0]
						},
						"1.0833": {
							"vector": [0.25, 0, 0]
						},
						"1.125": {
							"vector": [0, 0, 0]
						},
						"1.1667": {
							"vector": [-0.25, 0, 0]
						},
						"1.2083": {
							"vector": [0.25, 0, 0]
						},
						"1.25": {
							"vector": [0, 0, 0]
						},
						"1.2917": {
							"vector": [-0.25, 0, 0]
						},
						"1.3333": {
							"vector": [0.25, 0, 0]
						},
						"1.375": {
							"vector": [0, 0, 0]
						},
						"1.4167": {
							"vector": [-0.25, 0, 0]
						},
						"1.4583": {
							"vector": [0.25, 0, 0]
						},
						"1.5": {
							"vector": [0, 0, 0]
						},
						"1.5417": {
							"vector": [-0.25, 0, 0]
						},
						"1.5833": {
							"vector": [0.25, 0, 0]
						},
						"1.625": {
							"vector": [0, 0, 0]
						},
						"1.6667": {
							"vector": [-0.25, 0, 0]
						},
						"1.7083": {
							"vector": [0.25, 0, 0]
						},
						"1.75": {
							"vector": [0, 0, 0]
						},
						"1.7917": {
							"vector": [-0.25, 0, 0]
						},
						"1.8333": {
							"vector": [0.25, 0, 0]
						},
						"1.875": {
							"vector": [0, 0, 0]
						},
						"1.9167": {
							"vector": [-0.25, 0, 0]
						},
						"1.9583": {
							"vector": [0.25, 0, 0]
						},
						"2.0": {
							"vector": [0, 0, 0]
						}
					}
				}
			}
		},
		"scream_loop": {
			"loop": true,
			"animation_length": 0.08333,
			"bones": {
				"torso": {
					"rotation": {
						"vector": [15, 0, 0]
					}
				},
				"head": {
					"rotation": {
						"vector": [-15, 0, 0]
					}
				},
				"skull": {
					"position": {
						"vector": [0, 6, 0]
					}
				},
				"scream": {
					"position": {
						"0.0": {
							"vector": [-0.3, 0, 0]
						},
						"0.0833": {
							"vector": [0.3, 0, 0]
						}
					}
				}
			}
		},
		"scream_run": {
			"loop": true,
			"animation_length": 0.7,
			"bones": {
				"leftarm": {
					"rotation": {
						"0.0": {
							"vector": [0, 0, 0]
						},
						"0.2": {
							"vector": [-22.5, 0, 0],
							"easing": "easeOutSine"
						},
						"0.5": {
							"vector": [22.5, 0, 0],
							"easing": "easeInOutSine"
						},
						"0.7": {
							"vector": [0, 0, 0],
							"easing": "easeInSine"
						}
					}
				},
				"rightarm": {
					"rotation": {
						"0.0": {
							"vector": [0, 0, 0]
						},
						"0.2": {
							"vector": [22.5, 0, 0],
							"easing": "easeOutSine"
						},
						"0.5": {
							"vector": [-22.5, 0, 0],
							"easing": "easeInOutSine"
						},
						"0.7": {
							"vector": [0, 0, 0],
							"easing": "easeInSine"
						}
					}
				},
				"all": {
					"position": {
						"0.0": {
							"vector": [0, 0, 0]
						},
						"0.1": {
							"vector": [0, -1, 0]
						},
						"0.3": {
							"vector": [0, 0, 0],
							"easing": "easeInOutSine"
						},
						"0.5": {
							"vector": [0, -1, 0],
							"easing": "easeInOutSine"
						},
						"0.7": {
							"vector": [0, 0, 0],
							"easing": "easeInOutSine"
						}
					}
				},
				"leftleg": {
					"rotation": {
						"0.0": {
							"vector": [0, 0, 0]
						},
						"0.2": {
							"vector": [22.5, 0, 0],
							"easing": "easeOutSine"
						},
						"0.5": {
							"vector": [-22.5, 0, 0],
							"easing": "easeInOutSine"
						},
						"0.7": {
							"vector": [0, 0, 0],
							"easing": "easeInSine"
						}
					}
				},
				"rightleg": {
					"rotation": {
						"0.0": {
							"vector": [0, 0, 0]
						},
						"0.2": {
							"vector": [-22.5, 0, 0],
							"easing": "easeOutSine"
						},
						"0.5": {
							"vector": [22.5, 0, 0],
							"easing": "easeInOutSine"
						},
						"0.7": {
							"vector": [0, 0, 0],
							"easing": "easeInSine"
						}
					}
				}
			}
		},
		"hurt": {
			"loop": true,
			"animation_length": 0.5,
			"bones": {
				"torso": {
					"rotation": {
						"0.0": {
							"vector": [0, 0, 0]
						},
						"0.2": {
							"vector": [45, 0, 0],
							"easing": "easeInOutSine"
						},
						"0.4": {
							"vector": [0, 0, 0],
							"easing": "easeInCirc"
						}
					}
				},
				"leftarm": {
					"rotation": {
						"0.0": {
							"vector": [0, 0, 0]
						},
						"0.2": {
							"vector": [-202.5, 0, 0]
						},
						"0.5": {
							"vector": [0, 0, 0],
							"easing": "easeInOutCirc"
						}
					}
				},
				"rightarm": {
					"rotation": {
						"0.0": {
							"vector": [0, 0, 0]
						},
						"0.2": {
							"vector": [-180, 0, 0]
						},
						"0.5": {
							"vector": [0, 0, 0],
							"easing": "easeInOutCirc"
						}
					}
				},
				"head": {
					"rotation": {
						"0.0": {
							"vector": [0, 0, 0]
						},
						"0.2": {
							"vector": [22.5, 0, 0],
							"easing": "easeInOutSine"
						},
						"0.4": {
							"vector": [0, 0, 0],
							"easing": "easeInCirc"
						}
					}
				},
				"skull": {
					"position": {
						"0.0": {
							"vector": [0, 0, 0]
						},
						"0.2": {
							"vector": [0, 6, 0],
							"easing": "easeInOutSine"
						},
						"0.4": {
							"vector": [0, 0, 0],
							"easing": "easeInCirc"
						}
					}
				},
				"leftleg": {
					"rotation": {
						"0.0": {
							"vector": [0, 0, 0]
						},
						"0.1": {
							"vector": [67.5, 0, 0],
							"easing": "easeInOutSine"
						},
						"0.4": {
							"vector": [0, 0, 0],
							"easing": "easeInCirc"
						}
					}
				},
				"rightleg": {
					"rotation": {
						"0.0": {
							"vector": [0, 0, 0]
						},
						"0.1": {
							"vector": [-45, 0, 0],
							"easing": "easeInOutSine"
						},
						"0.4": {
							"vector": [0, 0, 0],
							"easing": "easeInCirc"
						}
					}
				}
			}
		},
		"death": {
			"loop": true,
			"animation_length": 1,
			"bones": {
				"all": {
					"rotation": {
						"0.0": {
							"vector": [0, 0, 0]
						},
						"0.5": {
							"vector": [0, 0, 90],
							"easing": "easeOutSine"
						},
						"1.0": {
							"vector": [0, 0, 90],
							"easing": "easeOutSine"
						}
					}
				},
				"skull": {
					"position": {
						"0.0": {
							"vector": [0, 0, 0]
						},
						"0.4": {
							"vector": [0, 6, 0],
							"easing": "easeOutSine"
						},
						"1.0": {
							"vector": [0, 6, 0]
						}
					}
				}
			}
		},
		"hold_block": {
			"loop": true,
			"animation_length": 6,
			"bones": {
				"botharms": {
					"rotation": {
						"vector": [-45, 0, 0]
					}
				}
			}
		},
		"hold_block_idle": {
			"loop": true,
			"animation_length": 6,
			"bones": {
				"torso": {
					"position": {
						"0.0": {
							"vector": [0, 0, 0]
						},
						"1.5": {
							"vector": [0, -0.25, 0],
							"easing": "easeOutSine"
						},
						"3.0": {
							"vector": [0, 0, 0],
							"easing": "easeInOutSine"
						},
						"4.5": {
							"vector": [0, -0.25, 0],
							"easing": "easeInOutSine"
						},
						"6.0": {
							"vector": [0, 0, 0],
							"easing": "easeInOutSine"
						}
					}
				},
				"leftarm": {
					"rotation": {
						"0.0": {
							"vector": [0, 0, 0]
						},
						"1.5": {
							"vector": [2.5, 0, 0],
							"easing": "easeOutSine"
						},
						"4.5": {
							"vector": [-2.5, 0, 0],
							"easing": "easeInOutSine"
						},
						"6.0": {
							"vector": [0, 0, 0],
							"easing": "easeInSine"
						}
					}
				},
				"rightarm": {
					"rotation": {
						"0.0": {
							"vector": [0, 0, 0]
						},
						"1.5": {
							"vector": [2.5, 0, 0],
							"easing": "easeOutSine"
						},
						"4.5": {
							"vector": [-2.5, 0, 0],
							"easing": "easeInOutSine"
						},
						"6.0": {
							"vector": [0, 0, 0],
							"easing": "easeInSine"
						}
					}
				}
			}
		},
		"hold_block_walk": {
			"loop": true,
			"animation_length": 1,
			"bones": {
				"leftarm": {
					"rotation": {
						"0.0": {
							"vector": [0, 0, 0]
						},
						"0.5": {
							"vector": [-5, 0, 0],
							"easing": "easeInOutSine"
						},
						"1.0": {
							"vector": [0, 0, 0],
							"easing": "easeInOutSine"
						}
					}
				},
				"rightarm": {
					"rotation": {
						"0.0": {
							"vector": [0, 0, 0]
						},
						"0.5": {
							"vector": [-5, 0, 0],
							"easing": "easeInOutSine"
						},
						"1.0": {
							"vector": [0, 0, 0],
							"easing": "easeInOutSine"
						}
					}
				},
				"all": {
					"position": {
						"0.0": {
							"vector": [0, 0, 0]
						},
						"0.2": {
							"vector": [0, -1, 0]
						},
						"0.5": {
							"vector": [0, 0, 0],
							"easing": "easeInOutSine"
						},
						"0.8": {
							"vector": [0, -1, 0],
							"easing": "easeInOutSine"
						},
						"1.0": {
							"vector": [0, 0, 0],
							"easing": "easeInOutSine"
						}
					}
				},
				"head": {
					"rotation": {
						"0.0": {
							"vector": [0, 0, 0]
						},
						"0.5": {
							"vector": [-2.5, 0, 0],
							"easing": "easeInOutSine"
						},
						"1.0": {
							"vector": [0, 0, 0],
							"easing": "easeInOutSine"
						}
					}
				},
				"leftleg": {
					"rotation": {
						"0.0": {
							"vector": [0, 0, 0]
						},
						"0.3": {
							"vector": [22.5, 0, 0],
							"easing": "easeOutSine"
						},
						"0.7": {
							"vector": [-22.5, 0, 0],
							"easing": "easeInOutSine"
						},
						"1.0": {
							"vector": [0, 0, 0],
							"easing": "easeInSine"
						}
					}
				},
				"rightleg": {
					"rotation": {
						"0.0": {
							"vector": [0, 0, 0]
						},
						"0.3": {
							"vector": [-22.5, 0, 0],
							"easing": "easeOutSine"
						},
						"0.7": {
							"vector": [22.5, 0, 0],
							"easing": "easeInOutSine"
						},
						"1.0": {
							"vector": [0, 0, 0],
							"easing": "easeInSine"
						}
					}
				}
			}
		},
		"hold_block_scream_run": {
			"loop": true,
			"animation_length": 0.7,
			"bones": {
				"leftarm": {
					"rotation": {
						"0.0": {
							"vector": [0, 0, 0]
						},
						"0.3": {
							"vector": [-5, 0, 0],
							"easing": "easeInOutSine"
						},
						"0.7": {
							"vector": [0, 0, 0],
							"easing": "easeInOutSine"
						}
					}
				},
				"rightarm": {
					"rotation": {
						"0.0": {
							"vector": [0, 0, 0]
						},
						"0.3": {
							"vector": [-5, 0, 0],
							"easing": "easeInOutSine"
						},
						"0.7": {
							"vector": [0, 0, 0],
							"easing": "easeInOutSine"
						}
					}
				},
				"all": {
					"position": {
						"0.0": {
							"vector": [0, 0, 0]
						},
						"0.1": {
							"vector": [0, -1, 0]
						},
						"0.3": {
							"vector": [0, 0, 0],
							"easing": "easeInOutSine"
						},
						"0.5": {
							"vector": [0, -1, 0],
							"easing": "easeInOutSine"
						},
						"0.7": {
							"vector": [0, 0, 0],
							"easing": "easeInOutSine"
						}
					}
				},
				"head": {
					"rotation": {
						"0.0": {
							"vector": [0, 0, 0]
						},
						"0.3": {
							"vector": [-2.5, 0, 0],
							"easing": "easeInOutSine"
						},
						"0.7": {
							"vector": [0, 0, 0],
							"easing": "easeInOutSine"
						}
					}
				},
				"leftleg": {
					"rotation": {
						"0.0": {
							"vector": [0, 0, 0]
						},
						"0.2": {
							"vector": [22.5, 0, 0],
							"easing": "easeOutSine"
						},
						"0.5": {
							"vector": [-22.5, 0, 0],
							"easing": "easeInOutSine"
						},
						"0.7": {
							"vector": [0, 0, 0],
							"easing": "easeInSine"
						}
					}
				},
				"rightleg": {
					"rotation": {
						"0.0": {
							"vector": [0, 0, 0]
						},
						"0.2": {
							"vector": [-22.5, 0, 0],
							"easing": "easeOutSine"
						},
						"0.5": {
							"vector": [22.5, 0, 0],
							"easing": "easeInOutSine"
						},
						"0.7": {
							"vector": [0, 0, 0],
							"easing": "easeInSine"
						}
					}
				}
			}
		}
	},
	"geckolib_format_version": 2
}