{
	"format_version": "1.12.0",
	"minecraft:geometry": [
		{
			"description": {
				"identifier": "geometry.iron_golem",
				"texture_width": 128,
				"texture_height": 128,
				"visible_bounds_width": 3,
				"visible_bounds_height": 4.5,
				"visible_bounds_offset": [0, 1.75, 0]
			},
			"bones": [
				{
					"name": "all",
					"pivot": [0, -1, 0]
				},
				{
					"name": "torso",
					"parent": "all",
					"pivot": [0, 16, 0],
					"cubes": [
						{"origin": [-4.5, 16, -3], "size": [9, 5, 6], "inflate": 0.5, "uv": [0, 43]}
					]
				},
				{
					"name": "upperbody",
					"parent": "torso",
					"pivot": [0, 21, 0],
					"cubes": [
						{"origin": [-9, 21, -6], "size": [18, 12, 11], "uv": [0, 19]}
					]
				},
				{
					"name": "head",
					"parent": "upperbody",
					"pivot": [0, 31, -2],
					"cubes": [
						{"origin": [-4, 33, -7.5], "size": [8, 10, 8], "uv": [0, 0]},
						{"origin": [-1, 32, -9.5], "size": [2, 4, 2], "uv": [24, 0]}
					]
				},
				{
					"name": "armorhead",
					"parent": "head",
					"pivot": [0, 33, -4],
					"cubes": [
						{"origin": [-4, 33, -7.5], "size": [8, 10, 8], "uv": [96, 43]}
					]
				},
				{
					"name": "armboth",
					"parent": "upperbody",
					"pivot": [0, 30, 0]
				},
				{
					"name": "armleft",
					"parent": "armboth",
					"pivot": [9, 30, 0],
					"cubes": [
						{"origin": [9, 3.5, -3], "size": [4, 30, 6], "inflate": 0.01, "uv": [80, 6]}
					]
				},
				{
					"name": "armorleftarm",
					"parent": "armleft",
					"pivot": [10, 30, 0],
					"cubes": [
						{"origin": [9, 3.5, -3], "size": [4, 30, 6], "uv": [108, 0]}
					]
				},
				{
					"name": "leftitem",
					"parent": "armleft",
					"pivot": [11, 4, -1]
				},
				{
					"name": "armright",
					"parent": "armboth",
					"pivot": [-9, 30, 0],
					"cubes": [
						{"origin": [-13, 3.5, -3], "size": [4, 30, 6], "inflate": 0.01, "uv": [59, 6]}
					]
				},
				{
					"name": "armorrightarm",
					"parent": "armright",
					"pivot": [-10, 30, 0],
					"cubes": [
						{"origin": [-13, 3.5, -3], "size": [4, 30, 6], "uv": [108, 0]}
					]
				},
				{
					"name": "rightitem",
					"parent": "armright",
					"pivot": [-11, 4, -1]
				},
				{
					"name": "armorbody",
					"parent": "upperbody",
					"pivot": [0, 33, 0],
					"cubes": [
						{"origin": [-8, 16, -5], "size": [16, 17, 9], "uv": [70, 45]}
					]
				},
				{
					"name": "armorpelvis",
					"parent": "upperbody",
					"pivot": [0, 33, 0],
					"cubes": [
						{"origin": [-5, 15.5, -3.5], "size": [10, 17.5, 7], "uv": [70, 45]}
					]
				},
				{
					"name": "legright",
					"parent": "all",
					"pivot": [-4, 13, 0],
					"cubes": [
						{"origin": [-7.5, 0, -3], "size": [6, 16, 5], "uv": [0, 55]}
					]
				},
				{
					"name": "armorrightleg",
					"parent": "legright",
					"pivot": [-4.5, 16, 0],
					"cubes": [
						{"origin": [-7.5, 0, -3], "size": [6, 16, 5], "uv": [106, 0]}
					]
				},
				{
					"name": "armorrightfoot",
					"parent": "legright",
					"pivot": [-4.5, 16, 0],
					"cubes": [
						{"origin": [-7.5, 0, -3], "size": [6, 16, 5], "uv": [106, 0]}
					]
				},
				{
					"name": "legleft",
					"parent": "all",
					"pivot": [4, 13, 0],
					"cubes": [
						{"origin": [1.5, 0, -3], "size": [6, 16, 5], "uv": [23, 55]}
					]
				},
				{
					"name": "armorleftfoot",
					"parent": "legleft",
					"pivot": [4.5, 16, 0],
					"cubes": [
						{"origin": [1.5, 0, -3], "size": [6, 16, 5], "uv": [106, 0]}
					]
				},
				{
					"name": "armorleftleg",
					"parent": "legleft",
					"pivot": [4.5, 16, 0],
					"cubes": [
						{"origin": [1.5, 0, -3], "size": [6, 16, 5], "uv": [106, 0]}
					]
				}
			]
		}
	]
}