{
	"format_version": "1.12.0",
	"minecraft:geometry": [
		{
			"description": {
				"identifier": "geometry.chicken",
				"texture_width": 64,
				"texture_height": 64,
				"visible_bounds_width": 3,
				"visible_bounds_height": 2.5,
				"visible_bounds_offset": [0, 0.75, 0]
			},
			"bones": [
				{
					"name": "all",
					"pivot": [0, 0, 0]
				},
				{
					"name": "torso",
					"parent": "all",
					"pivot": [0, 5, 1]
				},
				{
					"name": "head",
					"parent": "torso",
					"pivot": [0, 9, -4],
					"cubes": [
						{"origin": [-2, 9, -6], "size": [4, 6, 3], "uv": [0, 0]}
					]
				},
				{
					"name": "armorhead",
					"parent": "head",
					"pivot": [0, 11, -4.5],
					"cubes": [
						{"origin": [-2, 11, -6.5], "size": [4, 4, 4], "inflate": 0.1, "uv": [0, 56]}
					]
				},
				{
					"name": "beak",
					"parent": "head",
					"pivot": [0, 12, -6],
					"cubes": [
						{"origin": [-2, 12, -8], "size": [4, 1, 2], "inflate": 0.02, "uv": [14, 0]}
					]
				},
				{
					"name": "rightitem",
					"parent": "beak",
					"pivot": [0, 12, -7.5],
					"rotation": [0, 90, -90]
				},
				{
					"name": "lowerbeak",
					"parent": "beak",
					"pivot": [0, 12, -6],
					"cubes": [
						{"origin": [-2, 11, -8], "size": [4, 1, 2], "inflate": 0.01, "uv": [14, 4]}
					]
				},
				{
					"name": "comb",
					"parent": "lowerbeak",
					"pivot": [0, 9, -4],
					"cubes": [
						{"origin": [-1, 9, -7], "size": [2, 2, 2], "uv": [0, 10]}
					]
				},
				{
					"name": "body",
					"parent": "torso",
					"pivot": [0, 9, -1],
					"cubes": [
						{"origin": [-3, 5, -4], "size": [6, 6, 8], "uv": [0, 10]}
					]
				},
				{
					"name": "leftitem",
					"parent": "body",
					"pivot": [0, 12, 2],
					"rotation": [0, -90, 90]
				},
				{
					"name": "wingboth",
					"parent": "body",
					"pivot": [0, 11, 0]
				},
				{
					"name": "wingleft",
					"parent": "wingboth",
					"pivot": [3, 11, -3],
					"cubes": [
						{"origin": [3, 7, -3], "size": [1, 4, 6], "uv": [29, 14]}
					]
				},
				{
					"name": "wingright",
					"parent": "wingboth",
					"pivot": [-3, 11, -3],
					"cubes": [
						{"origin": [-4, 7, -3], "size": [1, 4, 6], "uv": [29, 14], "mirror": true}
					]
				},
				{
					"name": "armorbody",
					"parent": "body",
					"pivot": [0, 8, -4],
					"rotation": [90, 0, 0],
					"cubes": [
						{"origin": [-3, -3, -6], "size": [6, 14, 4], "uv": [0, 40]}
					]
				},
				{
					"name": "legsboth",
					"parent": "all",
					"pivot": [-1, 5, 1]
				},
				{
					"name": "leftleg",
					"parent": "legsboth",
					"pivot": [1, 5, 1],
					"cubes": [
						{"origin": [0, 0, -2], "size": [3, 5, 3], "uv": [26, 0]}
					]
				},
				{
					"name": "rightleg",
					"parent": "legsboth",
					"pivot": [-1, 5, 1],
					"cubes": [
						{"origin": [-3, 0, -2], "size": [3, 5, 3], "uv": [26, 0], "mirror": true}
					]
				}
			]
		}
	]
}